開催回,日付,第1数字,第2数字,第3数字,第4数字,第5数字,BONUS数字,セット
1,1999/4/13,1,3,17,20,25,26,A
2,1999/4/27,2,11,12,21,30,28,B
3,1999/5/11,1,8,10,24,30,28,E
4,1999/5/25,11,12,14,20,31,29,C
5,1999/6/8,8,9,15,21,25,23,D
6,1999/6/22,2,11,16,24,29,4,I
7,1999/7/6,3,24,25,26,31,2,F
8,1999/7/20,22,24,25,28,30,21,G
9,1999/8/3,2,11,12,13,28,15,J
10,1999/8/17,8,19,21,23,30,5,H
11,1999/8/31,17,18,19,20,30,31,F
12,1999/9/14,5,9,13,16,19,21,A
13,1999/9/28,6,11,18,25,28,20,J
14,1999/10/5,2,21,24,26,29,28,E
15,1999/10/12,6,8,17,23,24,22,B
16,1999/10/19,2,20,24,26,27,23,D
17,1999/10/26,10,18,20,25,27,1,C
18,1999/11/2,1,14,16,23,25,27,I
19,1999/11/9,2,9,10,22,27,1,G
20,1999/11/16,14,20,22,25,30,15,H
21,1999/11/23,3,15,22,25,31,6,A
22,1999/11/30,4,6,26,28,30,14,D
23,1999/12/7,2,13,18,22,26,15,B
24,1999/12/14,12,14,19,26,28,15,J
25,1999/12/21,2,3,7,18,29,15,F
26,1999/12/28,7,8,9,14,15,4,C
27,2000/1/4,10,16,20,21,31,14,H
28,2000/1/11,2,9,15,22,29,11,I
29,2000/1/18,9,12,17,26,31,15,E
30,2000/1/25,10,15,17,18,30,16,G
31,2000/2/1,14,20,21,24,28,17,A
32,2000/2/8,2,11,13,16,24,20,J
33,2000/2/15,2,3,8,9,30,23,B
34,2000/2/22,4,9,18,28,29,12,C
35,2000/2/29,10,11,18,24,26,29,F
36,2000/3/7,4,8,15,16,21,25,D
37,2000/3/14,6,7,10,16,31,20,E
38,2000/3/21,11,16,17,19,31,4,A
39,2000/3/28,1,9,15,26,30,11,H
40,2000/4/4,4,16,24,25,27,5,I
41,2000/4/11,10,16,19,22,26,29,A
42,2000/4/18,2,5,19,24,31,28,G
43,2000/4/25,3,6,11,16,30,5,H
44,2000/5/2,5,18,20,25,27,11,B
45,2000/5/9,7,13,19,24,26,11,E
46,2000/5/16,2,10,22,23,26,6,C
47,2000/5/23,2,6,8,17,29,10,F
48,2000/5/30,2,9,11,13,31,18,D
49,2000/6/6,10,13,14,23,25,12,B
50,2000/6/13,4,5,6,8,10,26,H
51,2000/6/20,5,7,15,16,31,2,A
52,2000/6/27,4,10,12,26,31,20,D
53,2000/7/4,4,13,14,15,17,30,E
54,2000/7/11,4,5,15,18,21,16,C
55,2000/7/18,4,10,11,18,31,3,F
56,2000/7/25,1,3,7,10,27,16,I
57,2000/8/1,3,21,23,27,29,13,B
58,2000/8/8,1,2,4,10,24,20,D
59,2000/8/15,9,15,20,21,22,10,I
60,2000/8/22,16,17,22,23,26,30,E
61,2000/8/29,9,23,24,29,30,5,B
62,2000/9/5,5,10,13,17,29,6,H
63,2000/9/12,3,5,6,22,28,1,C
64,2000/9/19,5,10,11,12,23,15,D
65,2000/9/26,8,9,10,17,23,15,F
66,2000/10/3,5,6,12,17,20,1,E
67,2000/10/10,4,5,8,14,27,6,J
68,2000/10/17,5,6,21,22,24,11,E
69,2000/10/24,5,6,9,23,30,2,J
70,2000/10/31,1,5,7,17,21,15,F
71,2000/11/7,11,17,18,22,30,2,B
72,2000/11/14,8,10,24,28,30,12,C
73,2000/11/21,4,6,8,26,30,7,D
74,2000/11/28,4,6,16,22,28,9,A
75,2000/12/5,7,14,16,17,29,1,H
76,2000/12/12,6,11,13,16,23,3,E
77,2000/12/19,2,3,10,22,26,23,I
78,2000/12/26,4,11,19,20,22,28,D
79,2001/1/9,2,13,16,26,30,11,A
80,2001/1/16,7,10,13,18,22,4,G
81,2001/1/23,1,7,10,16,25,18,C
82,2001/1/30,1,3,11,27,30,8,I
83,2001/2/6,1,6,11,23,26,3,E
84,2001/2/13,1,15,29,30,31,16,F
85,2001/2/20,9,11,14,20,29,2,J
86,2001/2/27,2,8,13,20,24,9,B
87,2001/3/6,1,5,12,23,27,14,H
88,2001/3/13,4,19,26,27,30,3,I
89,2001/3/20,5,7,24,27,29,14,D
90,2001/3/27,6,12,14,21,27,15,H
91,2001/4/3,8,9,15,18,22,3,C
92,2001/4/10,2,3,11,22,30,31,J
93,2001/4/17,11,15,22,26,27,8,F
94,2001/4/24,16,19,20,26,29,27,A
95,2001/5/1,4,5,7,8,31,26,C
96,2001/5/8,1,5,6,14,27,17,E
97,2001/5/15,6,12,15,19,22,3,A
98,2001/5/22,1,2,9,11,20,4,G
99,2001/5/29,3,7,10,13,15,26,I
100,2001/6/5,11,12,19,20,31,3,H
101,2001/6/12,2,10,11,13,26,22,D
102,2001/6/19,5,10,11,25,28,23,A
103,2001/6/26,10,13,19,21,30,14,F
104,2001/7/3,3,4,7,21,30,31,I
105,2001/7/10,6,11,14,21,27,20,E
106,2001/7/17,3,5,11,12,18,2,B
107,2001/7/24,4,8,12,26,27,18,H
108,2001/7/31,6,10,20,27,29,19,J
109,2001/8/7,3,5,15,19,22,25,G
110,2001/8/14,3,7,13,22,27,2,A
111,2001/8/21,10,19,24,27,31,6,I
112,2001/8/28,5,7,15,26,27,1,A
113,2001/9/4,1,2,6,16,28,4,D
114,2001/9/11,3,5,6,7,11,8,J
115,2001/9/18,10,15,29,30,31,16,I
116,2001/9/25,2,7,13,18,23,11,F
117,2001/10/2,5,11,12,23,24,3,A
118,2001/10/9,2,4,12,20,23,14,E
119,2001/10/16,12,14,25,29,30,5,A
120,2001/10/23,8,12,14,18,27,24,H
121,2001/10/30,5,17,18,24,30,20,A
122,2001/11/6,1,8,23,27,28,9,B
123,2001/11/13,1,5,6,13,15,21,F
124,2001/11/20,5,7,17,19,27,9,D
125,2001/11/27,2,21,22,27,29,24,H
126,2001/12/4,7,16,18,22,25,21,A
127,2001/12/11,8,9,18,29,31,24,F
128,2001/12/18,3,6,22,24,27,26,A
129,2001/12/25,2,13,20,25,30,12,B
130,2002/1/8,3,4,11,17,26,5,H
131,2002/1/15,1,9,12,18,21,15,D
132,2002/1/22,7,13,17,19,24,18,G
133,2002/1/29,4,7,11,18,31,27,D
134,2002/2/5,4,5,13,16,18,20,A
135,2002/2/12,4,7,8,9,24,20,F
136,2002/2/19,5,11,14,18,28,8,J
137,2002/2/26,3,15,20,25,28,30,B
138,2002/3/5,1,4,21,30,31,16,I
139,2002/3/12,14,17,20,26,28,23,G
140,2002/3/19,8,9,17,20,29,6,J
141,2002/3/26,4,6,9,20,24,16,A
142,2002/4/2,10,11,24,25,30,8,J
143,2002/4/9,17,18,20,23,26,6,B
144,2002/4/16,4,13,14,19,28,5,H
145,2002/4/23,13,14,19,24,28,3,E
146,2002/4/30,1,6,11,12,18,8,G
147,2002/5/7,5,10,21,27,28,2,F
148,2002/5/14,2,7,19,26,31,24,A
149,2002/5/21,5,6,17,27,28,20,G
150,2002/5/28,2,11,16,24,26,4,D
151,2002/6/4,4,10,13,14,19,12,I
152,2002/6/11,1,2,11,22,30,27,H
153,2002/6/18,2,3,8,23,29,6,F
154,2002/6/25,2,10,16,19,22,17,B
155,2002/7/2,9,10,16,21,23,4,I
156,2002/7/9,2,3,13,19,31,15,G
157,2002/7/16,1,5,14,18,20,6,J
158,2002/7/23,3,14,16,20,31,25,F
159,2002/7/30,7,11,16,23,24,13,A
160,2002/8/6,4,23,24,30,31,27,A
161,2002/8/13,2,3,4,17,19,8,I
162,2002/8/20,6,14,17,23,31,20,B
163,2002/8/27,1,12,13,16,28,31,A
164,2002/9/3,7,9,16,26,30,28,J
165,2002/9/10,9,16,24,25,26,20,F
166,2002/9/17,8,13,21,24,28,16,E
167,2002/9/24,11,19,20,25,26,23,C
168,2002/10/1,2,8,11,16,30,17,B
169,2002/10/8,8,15,18,25,31,13,I
170,2002/10/15,2,7,14,20,22,5,F
171,2002/10/22,2,6,9,12,31,17,H
172,2002/10/29,1,4,14,21,28,3,D
173,2002/11/5,11,18,20,22,29,10,A
174,2002/11/12,1,3,8,21,22,2,F
175,2002/11/19,8,12,17,19,24,5,J
176,2002/11/26,12,14,24,26,30,18,C
177,2002/12/3,7,13,17,21,30,20,C
178,2002/12/10,3,24,26,28,31,20,B
179,2002/12/17,1,7,26,30,31,12,G
180,2002/12/24,17,18,19,21,28,22,I
181,2003/1/7,1,3,14,16,26,12,H
182,2003/1/14,2,10,14,23,24,6,A
183,2003/1/21,3,9,13,25,26,7,F
184,2003/1/28,2,10,23,30,31,16,E
185,2003/2/4,7,19,20,25,28,2,D
186,2003/2/11,8,12,20,21,25,22,F
187,2003/2/18,4,6,17,24,25,1,J
188,2003/2/25,7,16,24,25,28,30,D
189,2003/3/4,9,16,22,25,26,3,H
190,2003/3/11,4,5,21,27,29,2,F
191,2003/3/18,1,6,8,12,13,2,C
192,2003/3/25,6,7,10,11,17,3,G
193,2003/4/1,6,8,18,20,22,11,B
194,2003/4/8,3,6,15,17,23,1,F
195,2003/4/15,1,2,6,15,23,21,A
196,2003/4/22,2,4,14,21,22,16,E
197,2003/4/29,8,18,20,21,31,1,J
198,2003/5/6,13,20,21,25,28,14,F
199,2003/5/13,1,9,21,26,29,25,I
200,2003/5/20,1,4,12,13,18,25,C
201,2003/5/27,3,5,23,25,26,17,D
202,2003/6/3,6,10,11,18,31,25,A
203,2003/6/10,4,10,18,22,25,20,H
204,2003/6/17,7,18,22,24,29,9,G
205,2003/6/24,3,4,13,14,23,12,B
206,2003/7/1,6,8,12,27,31,24,E
207,2003/7/8,3,4,10,16,25,7,I
208,2003/7/15,6,10,13,16,17,29,J
209,2003/7/22,7,17,23,27,29,12,C
210,2003/7/29,9,10,18,19,29,21,G
211,2003/8/5,9,10,13,18,22,15,D
212,2003/8/12,1,5,10,14,30,26,F
213,2003/8/19,1,2,3,9,29,27,H
214,2003/8/26,2,8,16,18,28,12,A
215,2003/9/2,4,15,20,21,28,16,I
216,2003/9/9,3,7,13,16,17,2,B
217,2003/9/16,2,8,17,19,23,21,E
218,2003/9/23,9,16,24,25,29,23,H
219,2003/9/30,1,15,17,21,28,6,F
220,2003/10/7,9,10,11,21,29,5,J
221,2003/10/14,4,8,14,22,26,9,C
222,2003/10/21,10,18,21,26,28,9,A
223,2003/10/28,4,10,16,19,22,21,G
224,2003/11/4,12,16,27,30,31,14,J
225,2003/11/11,13,14,18,24,26,16,D
226,2003/11/18,4,12,14,26,30,28,I
227,2003/11/25,2,4,7,21,30,20,B
228,2003/12/2,10,17,21,24,27,2,F
229,2003/12/9,12,19,23,24,30,6,E
230,2003/12/16,4,16,17,25,26,19,J
231,2003/12/23,3,4,10,11,24,28,D
232,2003/12/30,3,12,20,24,26,31,A
233,2004/1/6,8,14,19,21,29,25,H
234,2004/1/13,16,18,22,23,26,2,C
235,2004/1/20,5,6,16,17,31,8,F
236,2004/1/27,14,17,23,24,29,3,B
237,2004/2/3,6,8,17,18,28,20,G
238,2004/2/10,13,15,17,22,25,26,D
239,2004/2/17,16,18,21,23,27,31,I
240,2004/2/24,2,6,14,28,29,11,A
241,2004/3/2,1,2,4,13,26,7,C
242,2004/3/9,5,12,23,27,31,14,E
243,2004/3/16,4,11,15,27,28,1,J
244,2004/3/23,6,11,21,22,25,15,F
245,2004/3/30,1,10,14,21,28,23,B
246,2004/4/6,1,12,15,20,23,4,A
247,2004/4/13,7,11,19,27,31,2,J
248,2004/4/20,4,13,16,24,29,12,B
249,2004/4/27,9,11,12,18,20,7,G
250,2004/5/4,1,3,11,12,31,22,I
251,2004/5/11,1,3,19,20,23,28,H
252,2004/5/18,12,18,24,27,31,22,I
253,2004/5/25,1,3,10,21,25,29,E
254,2004/6/1,3,7,22,25,29,27,D
255,2004/6/8,12,17,20,27,29,18,A
256,2004/6/15,5,9,15,16,27,28,F
257,2004/6/22,2,9,12,20,31,10,C
258,2004/6/29,4,6,9,19,22,5,G
259,2004/7/6,5,7,11,12,23,17,I
260,2004/7/13,6,7,17,19,23,28,J
261,2004/7/20,2,3,5,14,29,18,D
262,2004/7/27,5,19,23,27,28,2,F
263,2004/8/3,15,25,28,30,31,2,A
264,2004/8/10,2,4,7,25,30,15,E
265,2004/8/17,1,3,24,26,28,21,J
266,2004/8/24,3,8,25,28,31,6,D
267,2004/8/31,8,14,15,19,25,31,H
268,2004/9/7,17,18,20,27,31,13,F
269,2004/9/14,3,7,20,23,29,16,C
270,2004/9/21,9,10,11,14,19,21,B
271,2004/9/28,6,13,15,24,31,20,J
272,2004/10/5,4,16,21,28,29,9,A
273,2004/10/12,3,5,7,11,17,23,E
274,2004/10/19,7,8,9,16,25,12,D
275,2004/10/26,11,16,17,21,22,19,G
276,2004/11/2,12,16,19,20,23,11,B
277,2004/11/9,4,14,16,19,22,10,C
278,2004/11/16,8,12,13,14,24,16,C
279,2004/11/23,2,7,19,23,25,11,I
280,2004/11/30,4,9,13,15,19,12,H
281,2004/12/7,5,7,11,13,21,27,J
282,2004/12/14,1,2,18,27,29,13,I
283,2004/12/21,11,15,19,20,29,1,F
284,2004/12/28,1,5,8,11,18,30,A
285,2005/1/4,8,17,19,24,26,16,B
286,2005/1/11,14,15,20,22,30,2,D
287,2005/1/18,2,7,14,19,21,1,E
288,2005/1/25,6,16,21,29,31,18,G
289,2005/2/1,5,6,11,24,28,18,G
290,2005/2/8,3,8,11,23,30,5,I
291,2005/2/15,4,8,21,23,26,22,H
292,2005/2/22,2,7,13,25,31,17,J
293,2005/3/1,14,15,16,24,25,12,A
294,2005/3/8,14,23,26,29,31,28,B
295,2005/3/15,8,14,16,17,26,5,E
296,2005/3/22,8,14,18,24,29,19,C
297,2005/3/29,5,9,18,25,30,31,D
298,2005/4/5,8,10,12,15,22,16,F
299,2005/4/12,2,9,15,26,31,11,G
300,2005/4/19,10,13,16,22,28,7,I
301,2005/4/26,5,11,16,26,31,12,A
302,2005/5/3,6,7,9,14,20,22,B
303,2005/5/10,13,14,16,19,25,1,J
304,2005/5/17,3,10,11,14,20,17,H
305,2005/5/24,10,11,13,16,24,22,C
306,2005/5/31,17,20,23,24,31,11,E
307,2005/6/7,2,10,15,21,28,12,F
308,2005/6/14,1,13,17,22,27,16,G
309,2005/6/21,8,14,17,22,23,1,I
310,2005/6/28,6,14,17,24,25,11,A
311,2005/7/5,2,17,19,28,29,10,F
312,2005/7/12,7,12,17,18,21,11,H
313,2005/7/19,1,7,26,27,31,30,D
314,2005/7/26,2,7,16,18,20,28,J
315,2005/8/2,7,11,15,28,31,14,B
316,2005/8/9,24,25,28,29,30,27,G
317,2005/8/16,8,10,11,22,23,12,E
318,2005/8/23,9,18,19,30,31,16,I
319,2005/8/30,3,20,21,22,27,9,C
320,2005/9/6,6,7,13,28,30,12,A
321,2005/9/13,2,11,18,21,27,15,B
322,2005/9/20,5,8,10,28,31,2,F
323,2005/9/27,5,15,19,22,27,29,J
324,2005/10/4,5,6,13,29,30,17,D
325,2005/10/11,8,11,13,15,28,22,A
326,2005/10/18,1,3,6,11,25,12,H
327,2005/10/25,8,14,19,25,28,16,A
328,2005/11/1,1,2,11,12,18,8,G
329,2005/11/8,5,14,15,17,29,10,E
330,2005/11/15,3,13,15,19,24,8,B
331,2005/11/22,6,19,21,29,30,24,C
332,2005/11/29,4,9,24,28,29,25,I
333,2005/12/6,19,21,22,26,28,24,A
334,2005/12/13,7,12,22,23,25,13,A
335,2005/12/20,14,16,23,25,31,22,F
336,2005/12/27,10,14,20,27,28,8,D
337,2006/1/10,4,7,21,22,23,15,J
338,2006/1/17,1,3,19,21,27,9,C
339,2006/1/24,4,9,11,15,23,26,H
340,2006/1/31,10,14,18,23,25,31,G
341,2006/2/7,2,5,17,18,26,3,E
342,2006/2/14,2,15,24,25,27,9,B
343,2006/2/21,6,10,15,27,30,8,I
344,2006/2/28,4,9,13,21,23,31,E
345,2006/3/7,7,14,16,17,29,18,F
346,2006/3/14,4,14,18,26,31,3,A
347,2006/3/21,10,11,20,23,27,13,C
348,2006/3/28,8,9,11,12,18,23,H
349,2006/4/4,3,5,6,7,12,18,J
350,2006/4/11,3,9,22,24,28,27,D
351,2006/4/18,3,6,11,12,27,26,F
352,2006/4/25,5,7,14,17,30,29,G
353,2006/5/2,3,13,14,17,25,18,I
354,2006/5/9,3,6,17,19,30,1,J
355,2006/5/16,8,9,24,27,29,31,J
356,2006/5/23,6,11,17,19,22,21,A
357,2006/5/30,15,24,26,28,29,16,E
358,2006/6/6,4,13,18,27,31,23,G
359,2006/6/13,3,11,15,18,19,22,B
360,2006/6/20,6,11,20,27,28,5,E
361,2006/6/27,2,4,6,12,30,5,A
362,2006/7/4,4,17,19,20,31,7,H
363,2006/7/11,4,10,12,17,22,16,C
364,2006/7/18,5,9,13,20,23,18,F
365,2006/7/25,6,10,18,27,28,14,G
366,2006/8/1,2,11,14,19,30,3,B
367,2006/8/8,4,6,14,19,31,9,I
368,2006/8/15,1,8,17,28,29,6,E
369,2006/8/22,4,10,23,29,30,31,F
370,2006/8/29,10,12,16,26,28,21,J
371,2006/9/5,10,12,19,23,31,27,J
372,2006/9/12,1,5,22,25,30,12,C
373,2006/9/19,3,5,11,12,29,22,B
374,2006/9/26,9,17,27,28,29,8,I
375,2006/10/3,1,10,20,23,24,16,G
376,2006/10/10,7,13,21,25,28,2,C
377,2006/10/17,1,12,20,21,30,6,E
378,2006/10/24,6,8,15,21,24,5,I
379,2006/10/31,2,8,15,19,28,26,D
380,2006/11/7,2,11,12,17,31,15,A
381,2006/11/14,3,9,19,22,23,21,H
382,2006/11/21,7,9,11,14,23,19,J
383,2006/11/28,4,7,9,17,31,12,B
384,2006/12/5,4,9,15,25,29,5,F
385,2006/12/12,6,14,20,24,27,3,G
386,2006/12/19,1,3,5,7,23,14,C
387,2006/12/26,16,26,28,29,30,11,E
388,2007/1/9,4,8,19,27,31,11,I
389,2007/1/16,8,11,13,27,30,6,B
390,2007/1/23,11,14,23,29,30,20,D
391,2007/1/30,1,10,15,30,31,21,F
392,2007/2/6,3,13,15,25,30,26,H
393,2007/2/13,15,17,18,22,30,11,J
394,2007/2/20,2,5,21,27,31,25,A
395,2007/2/27,6,21,22,23,31,3,D
396,2007/3/6,1,6,21,25,28,22,G
397,2007/3/13,1,14,17,24,25,29,B
398,2007/3/20,10,17,25,27,31,26,C
399,2007/3/27,7,13,23,27,31,8,A
400,2007/4/3,12,20,22,24,25,26,E
401,2007/4/10,11,13,18,26,30,6,A
402,2007/4/17,10,20,22,24,27,8,F
403,2007/4/24,2,5,16,30,31,18,H
404,2007/5/1,1,8,11,26,28,24,I
405,2007/5/8,8,9,13,27,31,17,C
406,2007/5/15,5,13,19,28,29,1,B
407,2007/5/22,5,15,21,22,31,10,E
408,2007/5/29,7,12,22,26,30,4,J
409,2007/6/5,2,11,19,27,28,5,G
410,2007/6/12,3,10,19,20,31,15,D
411,2007/6/19,5,8,12,19,22,11,B
412,2007/6/26,1,5,6,9,23,16,I
413,2007/7/3,8,14,21,23,29,17,F
414,2007/7/10,5,7,10,20,27,21,D
415,2007/7/17,11,16,24,28,30,22,H
416,2007/7/24,4,6,13,15,22,7,I
417,2007/7/31,3,9,12,23,24,22,J
418,2007/8/7,13,16,22,27,30,4,G
419,2007/8/14,5,12,19,20,27,28,C
420,2007/8/21,2,10,13,23,27,18,E
421,2007/8/28,11,14,24,28,29,16,A
422,2007/9/4,10,12,15,21,27,24,F
423,2007/9/11,8,14,16,24,31,7,B
424,2007/9/18,3,4,8,11,31,24,D
425,2007/9/25,4,10,20,25,28,6,H
426,2007/10/2,3,15,17,21,26,29,I
427,2007/10/9,9,14,19,20,26,16,J
428,2007/10/16,11,20,24,27,29,21,E
429,2007/10/23,11,18,22,26,30,20,C
430,2007/10/30,3,7,16,18,21,27,A
431,2007/11/6,3,12,14,24,25,2,G
432,2007/11/13,3,9,14,22,25,12,D
433,2007/11/20,1,12,17,20,27,14,H
434,2007/11/27,1,6,10,11,22,18,I
435,2007/12/4,8,19,22,25,27,6,B
436,2007/12/11,7,8,18,21,24,17,F
437,2007/12/18,9,13,15,28,31,12,E
438,2007/12/25,1,2,10,13,21,16,J
439,2008/1/8,10,17,19,21,23,16,C
440,2008/1/15,5,12,13,21,30,28,B
441,2008/1/22,6,8,19,28,30,17,G
442,2008/1/29,5,8,19,24,30,17,D
443,2008/2/5,5,17,22,23,30,20,A
444,2008/2/12,1,11,17,30,31,13,H
445,2008/2/19,7,16,18,26,31,25,E
446,2008/2/26,10,11,15,16,17,4,A
447,2008/3/4,14,17,20,25,26,8,I
448,2008/3/11,1,7,12,17,18,25,J
449,2008/3/18,7,8,10,11,20,12,F
450,2008/3/25,2,5,8,13,27,26,C
451,2008/4/1,3,7,12,14,16,31,G
452,2008/4/8,2,12,16,18,30,20,B
453,2008/4/15,4,7,12,17,27,24,D
454,2008/4/22,2,5,13,20,24,12,E
455,2008/4/29,1,10,16,24,26,9,E
456,2008/5/6,6,8,10,16,20,2,J
457,2008/5/13,2,16,17,22,28,11,H
458,2008/5/20,6,8,15,24,31,1,C
459,2008/5/27,12,13,26,27,29,2,A
460,2008/6/3,10,11,25,27,30,4,I
461,2008/6/10,6,12,17,20,26,11,F
462,2008/6/17,4,19,22,25,29,27,H
463,2008/6/24,12,13,16,21,23,18,E
464,2008/7/1,1,12,16,22,28,15,B
465,2008/7/8,13,18,21,25,28,7,G
466,2008/7/15,15,16,19,20,29,17,E
467,2008/7/22,1,2,13,15,23,26,A
468,2008/7/29,7,8,13,24,27,10,J
469,2008/8/5,5,9,12,16,19,3,C
470,2008/8/12,11,15,22,30,31,14,I
471,2008/8/19,13,17,20,23,30,28,A
472,2008/8/26,4,15,17,20,21,3,F
473,2008/9/2,4,5,18,20,26,3,B
474,2008/9/9,5,12,14,18,23,11,H
475,2008/9/16,8,9,12,14,24,30,D
476,2008/9/23,3,10,12,20,24,13,E
477,2008/9/30,1,4,13,20,28,31,A
478,2008/10/7,3,17,18,22,25,5,C
479,2008/10/14,14,22,26,27,29,21,G
480,2008/10/21,5,7,18,25,31,23,J
481,2008/10/28,3,7,13,16,25,31,F
482,2008/11/4,2,16,20,24,29,5,D
483,2008/11/11,7,20,23,27,29,25,B
484,2008/11/18,1,3,4,19,29,27,I
485,2008/11/25,3,8,10,15,31,18,H
486,2008/12/2,5,8,20,22,26,19,E
487,2008/12/9,15,17,20,22,29,16,F
488,2008/12/16,10,15,17,23,29,24,A
489,2008/12/23,2,4,9,22,31,17,H
490,2008/12/30,7,9,13,21,24,11,C
491,2009/1/6,8,10,16,20,23,6,J
492,2009/1/13,3,8,9,11,20,18,G
493,2009/1/20,1,11,12,13,17,26,D
494,2009/1/27,2,10,14,26,28,18,C
495,2009/2/3,7,10,22,26,27,5,I
496,2009/2/10,4,10,11,22,30,9,B
497,2009/2/17,4,21,23,27,28,26,F
498,2009/2/24,2,15,20,23,30,3,A
499,2009/3/3,2,8,14,15,26,31,H
500,2009/3/10,19,20,23,25,28,5,E
501,2009/3/17,12,13,16,17,21,22,J
502,2009/3/24,2,3,5,13,14,1,G
503,2009/3/31,11,18,21,23,27,3,D
504,2009/4/7,8,10,24,28,31,9,C
505,2009/4/14,5,16,19,20,22,28,B
506,2009/4/21,4,14,15,23,24,11,A
507,2009/4/28,10,19,26,27,28,2,I
508,2009/5/5,3,6,9,14,25,1,D
509,2009/5/12,2,13,22,29,30,8,G
510,2009/5/19,18,19,21,23,30,25,C
511,2009/5/26,13,16,26,28,31,11,J
512,2009/6/2,8,14,25,29,30,7,F
513,2009/6/9,3,11,18,19,25,8,H
514,2009/6/16,15,16,21,25,30,14,I
515,2009/6/23,5,21,24,25,26,31,E
516,2009/6/30,3,12,14,15,26,5,A
517,2009/7/7,12,26,28,29,30,5,B
518,2009/7/14,11,16,18,20,27,23,E
519,2009/7/21,2,9,25,29,31,4,J
520,2009/7/28,2,3,11,14,30,8,G
521,2009/8/4,4,9,14,25,26,15,I
522,2009/8/11,4,19,22,23,27,31,D
523,2009/8/18,8,17,18,19,24,10,C
524,2009/8/25,7,10,17,22,24,12,I
525,2009/9/1,1,14,21,25,27,6,F
526,2009/9/8,4,5,16,21,31,26,A
527,2009/9/15,11,13,15,23,25,4,H
528,2009/9/22,2,11,14,15,21,8,G
529,2009/9/29,5,7,14,16,20,15,B
530,2009/10/6,2,3,5,16,19,10,F
531,2009/10/13,13,21,22,26,27,19,E
532,2009/10/20,5,10,21,27,28,18,C
533,2009/10/27,6,13,19,23,31,20,I
534,2009/11/3,7,22,25,26,30,4,C
535,2009/11/10,18,20,23,24,31,7,J
536,2009/11/17,14,18,20,22,24,19,B
537,2009/11/24,9,10,27,29,30,5,D
538,2009/12/1,8,10,13,20,21,31,B
539,2009/12/8,9,18,23,26,29,5,G
540,2009/12/15,2,19,22,27,29,6,H
541,2009/12/22,1,9,10,16,23,30,F
542,2009/12/29,3,9,11,20,27,21,E
543,2010/1/5,4,7,17,22,25,30,B
544,2010/1/12,3,9,18,29,30,28,I
545,2010/1/19,1,15,23,28,29,2,E
546,2010/1/26,3,8,19,22,29,20,C
547,2010/2/2,5,23,25,29,31,28,H
548,2010/2/9,5,6,16,23,29,31,G
549,2010/2/16,10,12,19,24,25,14,J
550,2010/2/23,8,16,22,28,31,3,A
551,2010/3/2,1,2,10,24,31,28,D
552,2010/3/9,7,11,14,17,28,29,F
553,2010/3/16,2,13,23,24,30,15,I
554,2010/3/23,2,6,23,24,28,9,B
555,2010/3/30,1,15,18,24,29,23,J
556,2010/4/6,4,6,16,17,24,26,C
557,2010/4/13,8,18,21,22,28,31,H
558,2010/4/20,4,10,16,22,30,27,G
559,2010/4/27,2,4,7,11,16,25,E
560,2010/5/4,11,13,17,29,30,5,C
561,2010/5/11,1,5,6,16,25,18,D
562,2010/5/18,2,7,12,15,17,23,I
563,2010/5/25,4,5,18,19,30,1,J
564,2010/6/1,9,17,19,22,29,6,F
565,2010/6/8,18,19,20,28,29,13,H
566,2010/6/15,3,8,23,28,30,31,A
567,2010/6/22,10,12,20,24,25,17,B
568,2010/6/29,8,12,16,24,30,23,G
569,2010/7/6,10,17,23,26,28,5,E
570,2010/7/13,1,2,5,6,10,8,C
571,2010/7/20,9,22,27,28,29,26,D
572,2010/7/27,1,6,18,23,29,21,I
573,2010/8/3,15,21,22,23,29,5,F
574,2010/8/10,3,7,8,13,15,25,H
575,2010/8/17,10,16,20,21,27,24,J
576,2010/8/24,6,8,10,21,23,18,A
577,2010/8/31,5,10,21,24,25,13,B
578,2010/9/7,5,11,16,19,30,18,E
579,2010/9/14,1,4,15,17,23,8,I
580,2010/9/21,1,4,14,15,26,18,G
581,2010/9/28,2,6,12,14,30,3,C
582,2010/10/5,3,14,22,24,30,10,F
583,2010/10/12,1,3,10,11,16,24,A
584,2010/10/19,6,9,11,14,22,29,D
585,2010/10/26,14,19,23,24,31,29,H
586,2010/11/2,1,5,6,10,15,2,J
587,2010/11/9,11,17,19,29,30,1,B
588,2010/11/16,4,11,18,26,31,13,G
589,2010/11/23,3,10,13,22,26,12,I
590,2010/11/30,4,7,11,17,19,14,E
591,2010/12/7,4,8,9,13,19,12,D
592,2010/12/14,5,6,23,25,26,14,F
593,2010/12/21,11,14,22,28,29,25,H
594,2010/12/28,2,5,10,22,30,12,C
595,2011/1/4,7,11,15,20,23,3,A
596,2011/1/11,6,9,10,14,27,31,J
597,2011/1/18,2,13,16,17,19,29,G
598,2011/1/25,4,15,21,26,30,1,D
599,2011/2/1,3,7,10,11,29,25,I
600,2011/2/8,1,2,3,4,22,13,B
601,2011/2/15,10,14,15,16,24,28,E
602,2011/2/22,3,14,18,22,25,27,F
603,2011/3/1,4,5,26,28,30,15,C
604,2011/3/8,2,11,13,22,25,5,H
605,2011/3/15,5,6,13,19,28,17,A
606,2011/3/22,9,20,23,30,31,1,J
607,2011/3/29,7,8,12,18,30,17,C
608,2011/4/5,13,19,21,25,29,15,I
609,2011/4/12,3,14,21,26,30,25,G
610,2011/4/19,3,8,14,17,30,19,D
611,2011/4/26,12,18,21,25,30,17,B
612,2011/5/3,11,18,24,27,30,4,C
613,2011/5/10,2,16,17,20,28,14,E
614,2011/5/17,7,16,23,25,30,11,F
615,2011/5/24,4,12,13,19,20,10,H
616,2011/5/31,7,18,21,27,28,10,A
617,2011/6/7,3,9,16,19,28,25,J
618,2011/6/14,10,12,14,22,31,23,I
619,2011/6/21,4,7,14,20,30,28,G
620,2011/6/28,2,14,21,25,31,5,I
621,2011/7/5,6,12,18,24,30,9,B
622,2011/7/12,13,14,20,25,27,19,D
623,2011/7/19,4,9,14,15,26,29,H
624,2011/7/26,5,7,11,12,24,4,E
625,2011/8/2,19,20,23,26,31,6,F
626,2011/8/9,11,12,14,17,26,23,A
627,2011/8/16,6,10,14,15,20,19,J
628,2011/8/23,1,2,10,17,20,18,C
629,2011/8/30,1,3,16,26,29,31,G
630,2011/9/6,3,4,16,19,31,14,D
631,2011/9/13,3,15,18,20,25,29,B
632,2011/9/20,6,14,15,25,26,13,E
633,2011/9/27,2,12,19,20,30,13,H
634,2011/10/4,6,14,24,27,31,22,I
635,2011/10/11,12,13,16,20,29,11,F
636,2011/10/18,8,13,21,26,30,3,A
637,2011/10/25,1,5,10,15,21,11,C
638,2011/11/1,1,16,18,27,30,15,J
639,2011/11/8,6,14,20,29,31,22,D
640,2011/11/15,6,15,18,28,31,8,G
641,2011/11/22,5,11,14,17,22,15,B
642,2011/11/29,9,22,26,27,31,28,E
643,2011/12/6,9,11,17,19,22,6,D
644,2011/12/13,5,13,15,20,27,30,B
645,2011/12/20,8,13,18,19,24,11,I
646,2011/12/27,3,6,16,30,31,17,A
647,2012/1/10,3,6,7,10,21,18,F
648,2012/1/17,6,13,18,19,21,26,C
649,2012/1/24,3,11,18,19,21,12,G
650,2012/1/31,4,11,18,24,26,13,B
651,2012/2/7,8,11,15,20,31,18,J
652,2012/2/14,2,5,19,28,29,23,E
653,2012/2/21,11,16,20,22,30,21,H
654,2012/2/28,6,11,22,25,27,2,F
655,2012/3/6,7,9,12,14,18,24,D
656,2012/3/13,4,10,15,22,23,7,B
657,2012/3/20,9,14,18,23,30,10,C
658,2012/3/27,7,8,11,15,26,1,I
659,2012/4/3,5,9,22,30,31,3,G
660,2012/4/10,7,12,15,30,31,18,A
661,2012/4/17,2,6,9,19,20,27,E
662,2012/4/24,7,9,15,28,31,26,D
663,2012/5/1,1,9,10,21,31,23,J
664,2012/5/8,6,9,11,16,29,4,C
665,2012/5/15,7,12,17,20,28,9,B
666,2012/5/22,10,11,17,24,29,26,H
667,2012/5/29,8,9,19,26,31,28,F
668,2012/6/5,7,9,16,27,29,30,I
669,2012/6/12,4,7,8,25,31,14,E
670,2012/6/19,4,6,26,27,29,30,D
671,2012/6/26,7,14,19,22,27,28,A
672,2012/7/3,3,8,20,22,28,5,G
673,2012/7/10,6,12,21,24,25,22,C
674,2012/7/17,1,2,3,24,25,15,J
675,2012/7/24,6,21,27,28,31,20,H
676,2012/7/31,4,6,18,22,28,1,J
677,2012/8/7,10,16,23,24,30,18,F
678,2012/8/14,15,17,21,24,25,20,B
679,2012/8/21,5,11,23,29,31,28,I
680,2012/8/28,2,3,11,15,24,23,E
681,2012/9/4,6,12,17,19,30,9,D
682,2012/9/11,4,8,20,25,27,30,G
683,2012/9/18,1,7,15,23,26,11,C
684,2012/9/25,10,12,13,19,25,7,A
685,2012/10/2,8,11,19,21,30,1,F
686,2012/10/9,3,5,7,10,18,6,H
687,2012/10/16,2,9,17,24,29,22,J
688,2012/10/23,4,5,9,15,26,11,B
689,2012/10/30,12,13,19,23,25,28,E
690,2012/11/6,11,16,22,23,25,9,G
691,2012/11/13,3,9,10,20,25,31,I
692,2012/11/20,9,13,14,23,31,20,D
693,2012/11/27,5,17,21,24,25,3,C
694,2012/12/4,5,12,15,16,20,6,B
695,2012/12/11,4,19,20,27,28,14,G
696,2012/12/18,5,9,15,19,30,6,F
697,2012/12/25,5,7,17,25,27,18,A
698,2013/1/8,2,3,5,14,24,9,E
699,2013/1/15,6,12,21,24,28,15,H
700,2013/1/22,6,8,9,21,26,4,J
701,2013/1/29,4,8,13,15,26,3,C
702,2013/2/5,10,12,13,20,23,4,D
703,2013/2/12,3,10,16,28,31,15,I
704,2013/2/19,2,11,21,24,25,23,C
705,2013/2/26,8,16,18,21,22,27,B
706,2013/3/5,4,6,15,16,29,27,G
707,2013/3/12,2,11,23,27,29,3,F
708,2013/3/19,10,11,20,28,29,1,E
709,2013/3/26,2,5,16,17,18,30,H
710,2013/4/2,2,15,18,25,26,20,A
711,2013/4/9,3,5,10,17,25,22,J
712,2013/4/16,3,7,18,27,31,1,D
713,2013/4/23,4,13,22,28,31,16,A
714,2013/4/30,6,10,20,22,31,1,I
715,2013/5/7,2,3,5,9,22,18,C
716,2013/5/14,13,18,19,20,24,17,J
717,2013/5/21,3,5,14,23,26,1,G
718,2013/5/28,2,11,16,19,24,23,F
719,2013/6/4,2,9,18,22,27,16,E
720,2013/6/11,5,11,17,19,20,15,B
721,2013/6/18,3,5,12,15,22,2,D
722,2013/6/25,4,6,17,21,30,9,H
723,2013/7/2,4,7,9,25,31,18,A
724,2013/7/9,7,14,17,22,29,1,J
725,2013/7/16,6,11,26,28,30,19,I
726,2013/7/23,1,2,16,18,25,7,C
727,2013/7/30,4,7,14,16,24,27,G
728,2013/8/6,1,9,11,13,28,16,H
729,2013/8/13,13,16,17,20,29,11,E
730,2013/8/20,3,5,7,14,22,4,A
731,2013/8/27,7,9,18,28,30,11,D
732,2013/9/3,4,6,16,29,31,9,F
733,2013/9/10,5,9,11,18,20,31,B
734,2013/9/17,6,8,10,12,13,31,I
735,2013/9/24,3,14,16,23,30,7,G
736,2013/10/1,2,14,17,20,27,9,J
737,2013/10/8,5,12,18,19,23,16,C
738,2013/10/15,7,11,14,23,29,19,H
739,2013/10/22,1,4,19,24,31,18,A
740,2013/10/29,2,4,19,25,28,11,E
741,2013/11/5,6,11,12,15,25,10,D
742,2013/11/12,3,5,16,26,31,1,B
743,2013/11/19,4,15,18,20,30,5,F
744,2013/11/26,2,4,5,14,24,19,C
745,2013/12/3,3,10,13,14,22,15,J
746,2013/12/10,2,10,15,18,20,13,I
747,2013/12/17,1,12,23,29,30,9,G
748,2013/12/24,2,6,7,11,15,4,A
749,2014/1/7,1,11,14,16,30,25,H
750,2014/1/14,2,5,9,13,19,24,E
751,2014/1/21,7,15,18,19,30,8,D
752,2014/1/28,11,23,26,27,31,24,B
753,2014/2/4,2,10,20,23,24,26,F
754,2014/2/11,11,12,24,25,30,31,J
755,2014/2/18,20,21,22,25,27,14,I
756,2014/2/25,5,8,9,27,30,11,G
757,2014/3/4,12,15,21,25,27,22,C
758,2014/3/11,8,14,19,22,24,26,F
759,2014/3/18,8,18,23,24,30,4,A
760,2014/3/25,1,7,14,25,30,8,E
761,2014/4/1,7,14,16,21,31,17,H
762,2014/4/8,2,3,8,10,29,31,D
763,2014/4/15,3,5,12,14,18,8,B
764,2014/4/22,1,2,7,10,11,16,J
765,2014/4/29,16,19,20,22,31,26,I
766,2014/5/6,5,8,12,16,28,13,C
767,2014/5/13,6,8,10,25,31,27,F
768,2014/5/20,2,3,23,24,27,10,C
769,2014/5/27,3,11,15,22,24,29,G
770,2014/6/3,12,18,19,22,30,20,A
771,2014/6/10,7,11,22,26,30,27,E
772,2014/6/17,11,14,15,21,27,24,H
773,2014/6/24,1,2,6,11,26,17,D
774,2014/7/1,5,6,9,20,30,31,B
775,2014/7/8,5,6,14,24,31,15,J
776,2014/7/15,6,14,15,18,31,25,A
777,2014/7/22,4,10,20,22,24,21,G
778,2014/7/29,10,13,14,26,30,18,I
779,2014/8/5,1,8,9,10,13,18,C
780,2014/8/12,13,15,16,18,20,7,F
781,2014/8/19,2,7,10,21,24,4,E
782,2014/8/26,4,7,9,14,21,26,H
783,2014/9/2,4,5,10,15,20,8,D
784,2014/9/9,14,19,21,25,29,8,B
785,2014/9/16,7,21,22,26,28,5,J
786,2014/9/23,5,6,21,28,29,7,A
787,2014/9/30,11,15,22,26,31,7,G
788,2014/10/7,1,21,28,29,30,15,I
789,2014/10/14,4,5,11,16,31,19,C
790,2014/10/21,11,13,15,19,21,7,F
791,2014/10/28,6,16,18,30,31,10,E
792,2014/11/4,12,13,15,18,22,28,H
793,2014/11/11,6,10,18,20,31,24,D
794,2014/11/18,3,4,8,10,31,7,G
795,2014/11/25,2,6,11,14,18,1,A
796,2014/12/2,3,10,19,21,30,7,B
797,2014/12/9,8,9,29,30,31,18,J
798,2014/12/16,3,8,10,23,27,12,C
799,2014/12/23,1,2,17,19,26,24,I
800,2014/12/30,1,19,20,22,25,2,F
801,2015/1/6,5,7,20,22,25,17,H
802,2015/1/13,5,9,21,29,31,6,E
803,2015/1/20,2,4,18,19,27,23,D
804,2015/1/27,7,8,9,12,29,26,G
805,2015/2/3,8,9,11,17,30,3,A
806,2015/2/10,3,11,21,23,28,24,B
807,2015/2/17,5,7,13,17,19,3,J
808,2015/2/24,8,9,26,27,30,3,I
809,2015/3/3,2,8,11,13,25,1,C
810,2015/3/10,6,12,15,16,31,17,F
811,2015/3/17,8,9,10,13,21,18,H
812,2015/3/24,2,16,17,22,25,13,E
813,2015/3/31,3,6,9,14,15,17,A
814,2015/4/7,2,3,12,25,31,28,D
815,2015/4/14,20,21,26,27,28,3,G
816,2015/4/21,1,5,7,14,18,12,B
817,2015/4/28,1,10,23,27,29,18,J
818,2015/5/5,5,9,14,16,18,3,C
819,2015/5/12,2,9,14,15,24,13,I
820,2015/5/19,8,12,20,21,31,19,A
821,2015/5/26,6,8,18,21,23,30,H
822,2015/6/2,7,8,10,17,28,4,F
823,2015/6/9,6,10,14,18,23,9,E
824,2015/6/16,4,16,22,28,29,10,D
825,2015/6/23,3,8,12,21,26,19,B
826,2015/6/30,1,8,21,23,27,22,G
827,2015/7/7,3,4,6,23,31,10,J
828,2015/7/14,2,8,11,15,26,3,C
829,2015/7/21,8,12,19,23,31,6,A
830,2015/7/28,5,6,20,23,29,15,I
831,2015/8/4,7,9,17,19,21,3,H
832,2015/8/11,9,10,15,19,31,24,F
833,2015/8/18,6,9,15,24,28,12,A
834,2015/8/25,5,13,21,25,26,2,E
835,2015/9/1,1,9,11,23,29,17,D
836,2015/9/8,5,15,20,28,29,10,B
837,2015/9/15,4,5,9,24,25,31,J
838,2015/9/22,4,6,11,12,15,22,G
839,2015/9/29,2,6,14,27,30,12,C
840,2015/10/6,1,5,11,15,31,8,B
841,2015/10/13,5,6,7,13,18,8,I
842,2015/10/20,9,18,20,24,25,4,H
843,2015/10/27,2,14,23,28,30,26,J
844,2015/11/3,3,11,14,22,26,1,E
845,2015/11/10,3,10,22,24,30,28,F
846,2015/11/17,1,17,27,30,31,8,A
847,2015/11/24,7,18,19,21,31,15,D
848,2015/12/1,2,3,22,29,31,1,G
849,2015/12/8,4,14,17,19,20,26,B
850,2015/12/15,1,2,13,15,18,28,C
851,2015/12/22,10,19,20,24,31,23,D
852,2015/12/29,2,9,15,18,22,12,A
853,2016/1/5,6,11,17,18,30,28,I
854,2016/1/12,3,16,22,23,31,10,F
855,2016/1/19,2,7,17,22,24,25,H
856,2016/1/26,1,10,15,24,29,9,J
857,2016/2/2,2,4,21,24,28,29,E
858,2016/2/9,6,14,15,25,26,22,A
859,2016/2/16,13,17,19,28,31,25,B
860,2016/2/23,8,9,21,30,31,7,J
861,2016/3/1,4,8,12,17,27,3,C
862,2016/3/8,3,7,9,13,23,6,G
863,2016/3/15,1,2,11,27,28,21,D
864,2016/3/22,14,18,26,28,30,8,F
865,2016/3/29,3,8,16,17,31,9,J
866,2016/4/5,4,16,18,26,28,9,E
867,2016/4/12,13,23,24,28,30,31,I
868,2016/4/19,1,9,14,25,30,31,J
869,2016/4/26,2,14,16,19,30,5,H
870,2016/5/3,3,12,22,23,31,24,A
871,2016/5/10,4,17,24,27,31,19,B
872,2016/5/17,15,16,24,28,30,26,G
873,2016/5/24,4,6,10,23,29,3,C
874,2016/5/31,6,7,8,22,24,18,D
875,2016/6/7,2,3,8,11,28,10,J
876,2016/6/14,18,19,20,21,27,15,F
877,2016/6/21,5,14,20,22,23,16,G
878,2016/6/28,2,3,8,28,29,26,E
879,2016/7/5,2,13,24,27,31,12,I
880,2016/7/12,5,7,11,12,21,18,H
881,2016/7/19,10,11,17,29,30,15,A
882,2016/7/26,2,7,8,18,30,21,D
883,2016/8/2,1,17,18,21,25,23,J
884,2016/8/9,7,10,22,27,31,2,A
885,2016/8/16,9,17,21,24,27,11,B
886,2016/8/23,1,11,20,23,29,13,H
887,2016/8/30,3,4,19,28,29,23,B
888,2016/9/6,6,17,24,29,31,3,E
889,2016/9/13,5,6,12,17,22,23,C
890,2016/9/20,1,7,12,24,31,6,F
891,2016/9/27,10,17,29,30,31,25,H
892,2016/10/4,2,3,12,19,21,5,A
893,2016/10/11,11,14,20,22,25,5,G
894,2016/10/18,11,16,21,23,30,25,B
895,2016/10/25,7,8,9,11,14,22,D
896,2016/11/1,11,13,16,17,26,30,I
897,2016/11/8,16,17,18,23,31,29,J
898,2016/11/15,5,7,20,24,25,17,F
899,2016/11/22,1,7,19,20,31,29,E
900,2016/11/29,1,15,18,22,25,29,C
901,2016/12/6,2,10,13,23,24,27,A
902,2016/12/13,6,8,16,22,28,27,H
903,2016/12/20,2,5,21,24,29,4,G
904,2016/12/27,3,5,8,17,21,14,B
905,2017/1/10,4,17,18,22,27,10,D
906,2017/1/17,2,4,6,7,23,26,I
907,2017/1/24,3,4,10,22,31,6,J
908,2017/1/31,18,19,21,23,31,17,F
909,2017/2/7,3,12,14,20,27,22,I
910,2017/2/14,10,14,20,26,30,3,E
911,2017/2/21,2,3,4,13,16,17,C
912,2017/2/28,9,12,19,21,22,18,D
913,2017/3/7,2,9,17,21,23,28,A
914,2017/3/14,2,7,15,19,24,22,H
915,2017/3/21,14,22,24,26,27,7,G
916,2017/3/28,17,18,23,28,30,5,G
917,2017/4/4,1,9,10,24,27,13,C
918,2017/4/11,16,20,22,27,29,30,C
919,2017/4/18,4,7,9,15,23,11,B
920,2017/4/25,5,15,22,24,25,30,C
921,2017/5/2,6,8,10,14,30,13,J
922,2017/5/9,2,13,14,21,22,7,C
923,2017/5/16,8,20,21,22,27,19,F
924,2017/5/23,2,7,8,14,23,15,H
925,2017/5/30,9,14,19,27,30,16,A
926,2017/6/6,3,9,18,27,29,26,D
927,2017/6/13,1,6,7,17,18,16,I
928,2017/6/20,4,9,11,19,23,22,E
929,2017/6/27,2,4,5,11,20,22,B
930,2017/7/4,9,14,24,25,27,16,A
931,2017/7/11,2,3,18,24,25,9,G
932,2017/7/18,1,3,14,17,19,23,J
933,2017/7/25,3,4,22,26,29,5,H
934,2017/8/1,3,7,8,11,13,4,C
935,2017/8/8,3,11,13,20,31,16,F
936,2017/8/15,7,21,23,25,31,10,D
937,2017/8/22,5,12,13,15,24,25,I
938,2017/8/29,4,9,16,21,22,1,J
939,2017/9/5,8,12,20,23,28,16,B
940,2017/9/12,4,9,25,27,28,12,G
941,2017/9/19,3,11,12,15,28,17,E
942,2017/9/26,2,7,10,22,29,17,A
943,2017/10/3,4,11,18,28,30,10,F
944,2017/10/10,5,11,13,16,27,23,H
945,2017/10/17,14,17,21,25,31,15,B
946,2017/10/24,5,14,24,28,29,20,A
947,2017/10/31,3,7,19,24,27,16,C
948,2017/11/7,3,6,12,13,22,4,D
949,2017/11/14,1,2,5,6,21,25,I
950,2017/11/21,5,8,12,14,28,1,E
951,2017/11/28,3,9,12,26,27,25,J
952,2017/12/5,4,10,15,16,18,8,B
953,2017/12/12,4,5,9,22,29,2,G
954,2017/12/19,11,16,21,23,25,18,A
955,2017/12/26,9,12,17,21,30,28,E
956,2018/1/9,6,15,18,22,29,31,H
957,2018/1/16,2,15,26,29,31,3,D
958,2018/1/23,3,10,15,17,19,20,C
959,2018/1/30,2,3,9,14,19,15,H
960,2018/2/6,2,3,5,16,20,9,G
961,2018/2/13,2,11,18,20,29,3,B
962,2018/2/20,3,10,15,18,25,27,E
963,2018/2/27,4,7,17,21,28,10,I
964,2018/3/6,16,19,27,28,30,12,J
965,2018/3/13,7,13,15,19,28,23,F
966,2018/3/20,1,11,25,26,27,30,A
967,2018/3/27,4,7,11,14,31,2,H
968,2018/4/3,1,5,10,20,24,3,D
969,2018/4/10,1,4,18,24,27,6,C
970,2018/4/17,2,4,19,27,28,7,E
971,2018/4/24,7,17,18,20,24,13,I
972,2018/5/1,13,19,21,22,27,14,G
973,2018/5/8,1,7,12,13,31,30,I
974,2018/5/15,10,18,21,24,27,30,G
975,2018/5/22,10,18,19,28,29,16,B
976,2018/5/29,2,4,15,16,19,8,J
977,2018/6/5,9,17,21,22,23,5,F
978,2018/6/12,1,8,20,26,28,7,E
979,2018/6/19,1,10,23,25,28,12,C
980,2018/6/26,8,24,27,30,31,16,A
981,2018/7/3,10,11,19,28,30,22,H
982,2018/7/10,5,8,20,22,27,24,D
983,2018/7/17,6,10,12,15,23,25,I
984,2018/7/24,2,4,5,16,27,14,A
985,2018/7/31,5,11,16,17,26,3,J
986,2018/8/7,1,21,22,25,27,28,F
987,2018/8/14,6,13,15,17,21,22,G
988,2018/8/21,1,9,11,14,21,28,E
989,2018/8/28,2,7,10,16,30,24,G
990,2018/9/4,3,9,17,23,25,13,A
991,2018/9/11,1,3,9,15,30,6,C
992,2018/9/18,1,14,17,20,31,24,B
993,2018/9/25,1,4,24,29,30,10,C
994,2018/10/2,7,8,19,27,31,26,D
995,2018/10/9,1,5,14,21,30,12,H
996,2018/10/16,9,19,20,22,26,7,F
997,2018/10/23,1,3,8,11,14,16,H
998,2018/10/30,1,7,19,20,25,27,I
999,2018/11/6,6,17,18,20,29,26,A
1000,2018/11/13,3,8,14,18,26,7,B
1001,2018/11/20,5,12,16,22,27,18,G
1002,2018/11/27,2,9,11,20,27,5,J
1003,2018/12/4,11,14,15,22,29,10,F
1004,2018/12/11,1,18,22,27,30,20,E
1005,2018/12/18,5,13,18,26,31,11,D
1006,2018/12/25,10,15,19,23,26,6,C
1007,2019/1/8,2,10,11,25,31,17,F
1008,2019/1/15,3,4,22,26,27,11,I
1009,2019/1/22,2,8,17,23,27,4,A
1010,2019/1/29,10,17,20,21,30,15,H
1011,2019/2/5,9,16,21,30,31,27,G
1012,2019/2/12,1,13,18,26,29,8,G
1013,2019/2/19,1,6,11,19,28,8,B
1014,2019/2/26,4,17,19,20,25,5,J
1015,2019/3/5,3,5,6,20,25,27,C
1016,2019/3/12,5,21,23,25,27,22,E
1017,2019/3/19,9,16,21,23,24,8,F
1018,2019/3/26,13,16,23,27,29,15,D
1019,2019/4/2,5,6,16,23,24,3,B
1020,2019/4/9,3,12,17,24,30,31,I
1021,2019/4/16,13,19,23,25,29,8,H
1022,2019/4/23,5,13,24,27,29,22,A
1023,2019/4/30,2,12,22,23,26,25,G
1024,2019/5/7,4,11,12,23,28,3,J
1025,2019/5/14,3,4,13,19,23,18,G
1026,2019/5/21,3,14,15,22,26,1,B
1027,2019/5/28,5,6,17,21,27,19,C
1028,2019/6/4,2,3,8,16,27,17,E
1029,2019/6/11,3,4,9,11,29,5,F
1030,2019/6/18,21,24,26,27,28,22,H
1031,2019/6/25,5,8,17,21,23,15,D
1032,2019/7/2,1,9,14,21,26,29,C
1033,2019/7/9,2,12,14,24,31,22,I
1034,2019/7/16,12,22,27,28,29,10,A
1035,2019/7/23,3,8,11,16,31,26,G
1036,2019/7/30,7,14,16,23,28,9,E
1037,2019/8/6,7,19,23,24,27,17,J
1038,2019/8/13,2,5,21,23,30,8,B
1039,2019/8/20,4,19,22,24,30,12,H
1040,2019/8/27,7,10,13,25,27,30,A
1041,2019/9/3,3,9,14,15,27,31,F
1042,2019/9/10,11,12,19,23,28,7,E
1043,2019/9/17,7,9,23,24,25,30,D
1044,2019/9/24,12,19,27,28,30,1,C
1045,2019/10/1,3,5,7,10,18,16,H
1046,2019/10/8,16,23,24,28,29,12,J
1047,2019/10/15,8,12,19,25,26,9,I
1048,2019/10/22,1,8,11,19,23,12,G
1049,2019/10/29,2,16,21,26,31,27,A
1050,2019/11/5,2,15,19,23,28,10,F
1051,2019/11/12,7,11,12,21,22,5,B
1052,2019/11/19,4,8,9,14,26,5,E
1053,2019/11/26,2,3,13,16,23,14,G
1054,2019/12/3,2,19,25,26,31,22,D
1055,2019/12/10,1,5,18,19,21,9,H
1056,2019/12/17,3,12,14,21,25,10,C
1057,2019/12/24,9,13,21,23,26,1,C
1058,2020/1/7,2,16,19,24,27,20,J
1059,2020/1/14,2,11,13,16,18,3,I
1060,2020/1/21,19,23,24,28,31,11,H
1061,2020/1/28,5,10,19,23,28,9,F
1062,2020/2/4,14,18,23,29,31,17,A
1063,2020/2/11,10,18,20,26,27,25,D
1064,2020/2/18,1,5,8,28,29,7,B
1065,2020/2/25,8,11,14,16,31,10,J
1066,2020/3/3,15,17,20,22,23,21,F
1067,2020/3/10,2,10,13,15,28,26,E
1068,2020/3/17,2,3,20,24,31,9,G
1069,2020/3/24,1,3,9,14,25,20,C
1070,2020/3/31,7,9,11,27,31,21,I
1071,2020/4/7,2,3,4,27,31,7,H
1072,2020/4/14,3,4,10,12,13,31,B
1073,2020/4/21,2,13,21,24,30,14,D
1074,2020/4/28,15,18,20,22,27,21,A
1075,2020/5/5,4,11,13,16,31,6,C
1076,2020/5/12,5,7,11,22,26,15,J
1077,2020/5/19,3,17,19,25,31,4,E
1078,2020/5/26,3,10,16,17,25,24,F
1079,2020/6/2,2,6,14,16,26,4,G
1080,2020/6/9,4,5,13,19,21,14,I
1081,2020/6/16,2,3,4,24,25,8,F
1082,2020/6/23,1,2,14,19,29,5,A
1083,2020/6/30,1,3,19,26,29,5,B
1084,2020/7/7,11,19,28,29,31,2,E
1085,2020/7/14,9,10,16,17,28,13,J
1086,2020/7/21,2,18,19,28,30,16,H
1087,2020/7/28,1,3,4,9,16,28,E
1088,2020/8/4,2,8,14,17,26,4,D
1089,2020/8/11,3,13,18,19,22,29,C
1090,2020/8/18,4,12,15,22,25,10,G
1091,2020/8/25,1,14,25,29,31,30,A
1092,2020/9/1,9,13,14,19,22,25,B
1093,2020/9/8,2,12,17,23,30,8,I
1094,2020/9/15,3,5,8,14,22,21,F
1095,2020/9/22,4,10,16,21,24,6,G
1096,2020/9/29,1,2,12,20,22,8,J
1097,2020/10/6,5,12,18,19,24,16,D
1098,2020/10/13,3,13,17,28,31,19,G
1099,2020/10/20,1,3,5,14,23,15,H
1100,2020/10/27,13,18,19,25,27,16,E
1101,2020/11/3,1,8,10,12,29,13,B
1102,2020/11/10,8,13,20,26,29,6,C
1103,2020/11/17,1,6,7,21,31,18,A
1104,2020/11/24,7,16,20,23,28,6,I
1105,2020/12/1,4,11,16,21,26,9,F
1106,2020/12/8,2,18,21,25,30,19,E
1107,2020/12/15,7,10,16,18,29,5,J
1108,2020/12/22,6,10,14,17,19,27,F
1109,2020/12/29,7,15,17,26,27,8,D
1110,2021/1/5,2,7,19,23,28,3,G
1111,2021/1/12,2,3,4,13,31,29,D
1112,2021/1/19,5,6,8,13,25,29,B
1113,2021/1/26,19,20,21,26,27,12,H
1114,2021/2/2,7,18,21,25,26,12,C
1115,2021/2/9,2,4,6,11,29,20,E
1116,2021/2/16,7,24,25,27,29,10,A
1117,2021/2/23,4,13,22,27,30,19,F
1118,2021/3/2,8,13,16,27,29,11,G
1119,2021/3/9,9,10,12,17,18,14,I
1120,2021/3/16,2,10,11,17,31,26,J
1121,2021/3/23,13,19,21,24,25,16,D
1122,2021/3/30,8,9,14,25,28,11,E
1123,2021/4/6,7,17,26,28,29,24,B
1124,2021/4/13,3,4,6,8,27,12,G
1125,2021/4/20,2,6,10,14,21,18,C
1126,2021/4/27,6,8,20,30,31,25,A
1127,2021/5/4,8,22,24,27,28,16,E
1128,2021/5/11,4,7,13,24,30,2,F
1129,2021/5/18,5,9,16,29,30,12,H
1130,2021/5/25,5,6,8,25,26,11,D
1131,2021/6/1,6,8,11,24,29,23,I
1132,2021/6/8,3,4,14,15,18,5,B
1133,2021/6/15,14,17,23,28,30,7,E
1134,2021/6/22,6,13,20,23,28,21,J
1135,2021/6/29,7,19,21,23,28,24,G
1136,2021/7/6,11,15,20,22,23,4,C
1137,2021/7/13,7,8,21,25,31,14,A
1138,2021/7/20,14,20,23,28,29,27,F
1139,2021/7/27,12,16,17,24,31,22,E
1140,2021/8/3,7,11,17,19,28,25,J
1141,2021/8/10,9,12,17,18,27,22,H
1142,2021/8/17,11,23,25,29,30,18,I
1143,2021/8/24,3,4,16,19,27,23,D
1144,2021/8/31,4,11,14,21,30,27,E
1145,2021/9/7,11,14,20,28,31,12,B
1146,2021/9/14,4,5,11,29,30,24,F
1147,2021/9/21,6,8,23,27,29,21,G
1148,2021/9/28,1,3,6,15,19,10,C
1149,2021/10/5,5,12,14,15,20,7,D
1150,2021/10/12,1,10,13,27,29,14,A
1151,2021/10/19,14,18,21,30,31,9,J
1152,2021/10/26,2,12,14,23,27,21,H
1153,2021/11/2,17,25,27,29,30,15,I
1154,2021/11/9,9,10,12,21,24,27,B
1155,2021/11/16,1,9,13,16,19,18,F
1156,2021/11/23,1,3,14,27,30,7,J
1157,2021/11/30,2,6,7,13,30,17,E
1158,2021/12/7,1,14,23,25,26,29,G
1159,2021/12/14,11,12,14,18,31,6,G
1160,2021/12/21,7,19,22,24,31,21,A
1161,2021/12/28,3,9,13,17,24,29,C
1162,2022/1/4,2,21,23,24,29,11,D
1163,2022/1/11,2,9,11,22,29,3,H
1164,2022/1/18,4,9,19,26,31,25,I
1165,2022/1/25,5,13,16,27,31,24,B
1166,2022/2/1,6,11,14,17,25,24,F
1167,2022/2/8,2,14,21,27,30,23,J
1168,2022/2/15,5,13,14,24,31,2,D
1169,2022/2/22,1,7,9,21,27,13,C
1170,2022/3/1,2,16,18,20,28,29,E
1171,2022/3/8,1,3,6,16,23,31,G
1172,2022/3/15,11,24,26,28,29,22,I
1173,2022/3/22,3,4,13,16,27,9,A
1174,2022/3/29,5,6,21,29,30,27,H
1175,2022/4/5,1,7,15,16,29,2,B
1176,2022/4/12,1,12,20,27,29,17,D
1177,2022/4/19,3,10,16,21,30,7,J
1178,2022/4/26,1,5,9,13,22,31,F
1179,2022/5/3,18,19,20,25,30,27,A
1180,2022/5/10,13,15,16,26,29,27,C
1181,2022/5/17,2,9,13,16,22,15,G
1182,2022/5/24,7,10,20,22,28,21,E
1183,2022/5/31,3,7,9,14,15,23,I
1184,2022/6/7,5,8,12,19,27,15,G
1185,2022/6/14,1,14,16,17,22,4,H
1186,2022/6/21,9,13,15,24,28,17,B
1187,2022/6/28,3,5,6,11,23,16,D
1188,2022/7/5,2,25,26,29,31,6,I
1189,2022/7/12,6,7,16,17,22,9,A
1190,2022/7/19,3,20,23,24,28,29,A
1191,2022/7/26,11,16,20,25,26,7,F
1192,2022/8/2,4,10,11,22,31,28,J
1193,2022/8/9,1,4,8,11,20,15,E
1194,2022/8/16,3,5,7,18,20,30,J
1195,2022/8/23,3,10,11,13,14,4,G
1196,2022/8/30,1,5,17,19,23,26,C
1197,2022/9/6,7,9,17,26,27,24,H
1198,2022/9/13,10,11,17,30,31,1,J
1199,2022/9/20,6,13,19,23,28,10,B
1200,2022/9/27,2,16,18,22,24,4,I
1201,2022/10/4,1,2,16,23,30,8,D
1202,2022/10/11,4,5,15,27,30,12,A
1203,2022/10/18,4,7,8,12,19,23,F
1204,2022/10/25,5,10,12,18,20,4,E
1205,2022/11/1,11,12,16,24,28,20,G
1206,2022/11/8,7,9,12,14,30,19,C
1207,2022/11/15,2,8,14,25,28,7,J
1208,2022/11/22,5,10,15,16,27,26,H
1209,2022/11/29,12,14,17,27,28,29,A
1210,2022/12/6,14,26,27,30,31,10,B
1211,2022/12/13,4,8,16,25,26,12,D
1212,2022/12/20,14,19,23,30,31,26,E
1213,2022/12/27,17,21,23,25,26,6,I
1214,2023/1/10,5,9,10,19,26,2,F
1215,2023/1/17,1,2,3,5,20,6,B
1216,2023/1/24,10,12,18,25,28,13,J
1217,2023/1/31,8,10,14,20,25,30,G
1218,2023/2/7,1,3,4,7,11,16,E
1219,2023/2/14,9,10,13,21,29,11,F
1220,2023/2/21,2,5,11,12,30,16,C
1221,2023/2/28,4,11,13,21,26,19,H
1222,2023/3/7,4,18,23,26,28,7,A
1223,2023/3/14,1,11,21,26,31,25,D
1224,2023/3/21,1,5,8,11,22,14,J
1225,2023/3/28,1,7,15,29,31,19,I
1226,2023/4/4,2,5,13,18,21,4,J
1227,2023/4/11,1,5,11,20,26,14,B
1228,2023/4/18,1,4,18,19,26,22,F
1229,2023/4/25,1,5,7,12,27,26,E
1230,2023/5/2,4,18,21,22,23,28,G
1231,2023/5/9,1,14,20,21,31,5,C
1232,2023/5/16,4,5,17,27,29,6,H
1233,2023/5/23,3,8,17,19,23,22,J
1234,2023/5/30,4,14,15,27,28,22,A
1235,2023/6/6,8,12,17,22,28,5,D
1236,2023/6/13,1,18,19,30,31,29,I
1237,2023/6/20,2,9,10,25,31,18,E
1238,2023/6/27,13,16,19,21,25,29,A
1239,2023/7/4,7,9,11,18,30,1,J
1240,2023/7/11,13,15,20,27,30,6,C
1241,2023/7/18,1,2,3,7,27,11,H
1242,2023/7/25,5,7,18,19,27,29,H
1243,2023/8/1,2,4,13,15,20,24,J
1244,2023/8/8,2,6,9,11,19,22,B
1245,2023/8/15,10,11,16,29,30,19,G
1246,2023/8/22,16,17,20,21,28,18,F
1247,2023/8/29,9,15,23,26,30,19,D
1248,2023/9/5,2,4,5,14,25,24,I
1249,2023/9/12,7,9,11,14,21,27,B
1250,2023/9/19,2,12,13,19,23,27,C
1251,2023/9/26,3,4,5,30,31,17,A
1252,2023/10/3,1,4,11,25,30,10,E
1253,2023/10/10,1,11,17,19,25,28,H
1254,2023/10/17,1,5,12,17,28,14,J
1255,2023/10/24,2,3,4,17,23,12,E
1256,2023/10/31,7,8,14,19,21,23,I
1257,2023/11/7,8,13,19,22,24,21,D
1258,2023/11/14,3,6,12,19,30,13,B
1259,2023/11/21,1,13,17,18,22,25,G
1260,2023/11/28,2,4,14,21,29,12,F
1261,2023/12/5,19,21,25,29,31,7,E
1262,2023/12/12,11,16,18,19,29,31,C
1263,2023/12/19,1,2,15,25,28,5,A
1264,2023/12/26,2,7,10,22,27,24,H
1265,2024/1/9,8,9,11,15,31,17,J
1266,2024/1/16,1,16,22,23,31,18,D
1267,2024/1/23,13,15,18,20,29,17,I
1268,2024/1/30,9,11,14,22,29,31,A
1269,2024/2/6,5,10,16,20,21,14,G
1270,2024/2/13,2,7,16,19,26,20,B
1271,2024/2/20,16,17,19,22,23,24,F
1272,2024/2/27,3,7,14,21,30,13,G
1273,2024/3/5,7,18,20,22,23,5,C
1274,2024/3/12,1,7,8,10,14,18,G
1275,2024/3/19,6,11,12,13,14,5,E
1276,2024/3/26,4,9,13,16,31,27,H
1277,2024/4/2,2,13,18,22,28,30,B
1278,2024/4/9,3,10,19,21,31,29,J
1279,2024/4/16,1,14,18,22,28,26,D
1280,2024/4/23,7,9,14,17,20,13,A
1281,2024/4/30,4,10,15,18,24,5,I
1282,2024/5/7,2,22,23,30,31,29,F
1283,2024/5/14,1,11,25,29,31,3,C
1284,2024/5/21,4,11,23,28,31,22,J
1285,2024/5/28,4,5,18,23,25,11,E
1286,2024/6/4,9,10,12,13,30,25,G
1287,2024/6/11,10,12,23,26,30,22,B
1288,2024/6/18,4,12,14,16,22,8,H
1289,2024/6/25,17,18,21,27,30,3,B
1290,2024/7/2,21,26,27,29,31,7,F
1291,2024/7/9,1,2,8,11,29,19,D
1292,2024/7/16,6,11,21,23,25,27,A
1293,2024/7/23,6,8,10,20,28,15,C
1294,2024/7/30,8,21,22,27,29,1,B
1295,2024/8/6,4,11,12,21,26,28,I
1296,2024/8/13,9,13,18,19,21,6,E
1297,2024/8/20,1,12,17,21,28,31,J
1298,2024/8/27,2,4,12,13,17,29,G
1299,2024/9/3,3,4,9,11,18,7,B
1300,2024/9/10,1,4,16,27,31,15,H
1301,2024/9/17,13,15,25,26,27,17,F
1302,2024/9/24,6,11,12,17,24,4,D
1303,2024/10/1,7,14,17,30,31,22,E
1304,2024/10/8,3,4,6,20,31,2,A
1305,2024/10/15,7,12,14,29,30,4,A
1306,2024/10/22,5,7,27,28,29,16,C
1307,2024/10/29,11,13,16,18,20,19,G
1308,2024/11/5,3,8,12,16,22,29,I
1309,2024/11/12,6,12,25,27,29,22,J
1310,2024/11/19,13,14,19,24,28,3,B
1311,2024/11/26,3,11,27,28,31,26,A
1312,2024/12/3,10,12,13,21,31,23,E
1313,2024/12/10,2,5,9,22,31,15,H
1314,2024/12/17,18,20,21,23,30,25,A
1315,2024/12/24,6,15,22,29,30,13,F
1316,2025/1/7,4,7,10,11,17,23,D
1317,2025/1/14,7,22,26,30,31,11,B
1318,2025/1/21,5,7,15,24,29,12,F
1319,2025/1/28,4,6,16,26,29,31,C
1320,2025/2/4,2,3,7,25,28,4,E
1321,2025/2/11,1,5,6,24,25,11,J
1322,2025/2/18,5,16,18,22,28,6,G
1323,2025/2/25,4,9,18,24,25,15,I
1324,2025/3/4,5,6,14,20,27,1,E
1325,2025/3/11,10,15,22,23,25,13,H
1326,2025/3/18,4,9,15,19,26,3,A
1327,2025/3/25,4,9,26,27,29,16,D
1328,2025/4/1,1,12,15,27,31,18,E
1329,2025/4/8,5,6,8,21,30,23,B
1330,2025/4/15,1,13,24,25,31,11,F
1331,2025/4/22,9,11,13,27,28,16,G
1332,2025/4/29,12,16,17,20,25,28,A
1333,2025/5/6,7,11,18,25,26,6,A
1334,2025/5/13,3,8,21,27,29,16,I
1335,2025/5/20,12,17,18,22,31,30,C
1336,2025/5/27,3,20,21,24,25,26,J
1337,2025/6/3,3,11,17,20,22,14,G
1338,2025/6/10,13,18,21,28,31,11,H
1339,2025/6/17,6,14,21,23,31,22,D
1340,2025/6/24,8,19,22,24,27,25,E
1341,2025/7/1,5,12,16,24,28,31,C
1342,2025/7/8,1,9,13,19,23,11,E
1343,2025/7/15,4,13,22,29,30,9,B
1344,2025/7/22,2,5,21,24,28,12,F
1345,2025/7/29,3,11,14,30,31,28,A
1346,2025/8/5,5,16,20,23,30,2,G
1347,2025/8/12,4,16,18,27,31,24,I
1348,2025/8/19,4,16,20,26,28,29,B
1349,2025/8/26,2,3,15,28,29,20,H
1350,2025/9/2,2,3,11,22,28,15,D
1351,2025/9/9,4,9,10,19,29,6,E
1352,2025/9/16,5,8,10,11,29,27,J
1353,2025/9/23,6,11,13,14,18,5,B
1354,2025/9/30,11,13,15,16,26,2,A
1355,2025/10/7,3,6,10,23,27,15,F
1356,2025/10/14,6,7,20,22,24,5,C
1357,2025/10/21,7,9,21,25,28,15,G
1358,2025/10/28,1,6,22,27,29,28,G
1359,2025/11/4,1,3,15,16,20,13,H
1360,2025/11/11,4,18,20,24,29,31,J
1361,2025/11/18,20,25,26,27,30,13,I
1362,2025/11/25,6,12,13,17,26,18,D
1363,2025/12/2,6,12,16,19,31,25,E
1364,2025/12/9,1,3,10,27,31,19,B
1365,2025/12/16,3,10,20,25,27,24,A
1366,2025/12/23,3,19,20,21,28,13,F
1367,2025/12/30,17,21,27,28,29,2,I
1368,2026/1/6,7,8,20,25,26,24,C
1369,2026/1/13,1,2,3,5,11,26,G
1370,2026/1/20,1,5,12,24,31,21,J
1371,2026/1/27,3,10,12,20,31,11,H
1372,2026/2/3,4,14,21,24,31,5,B
1373,2026/2/10,7,8,21,28,29,26,D
1374,2026/2/17,10,16,21,29,30,20,A
1375,2026/2/24,1,3,11,16,20,4,E
1376,2026/3/3,1,9,11,22,29,3,B
1377,2026/3/10,3,13,19,29,31,30,I
1378,2026/3/17,4,15,18,30,31,23,F
1379,2026/3/24,12,15,18,25,28,6,H
1380,2026/3/31,1,10,12,19,21,14,C
1381,2026/4/7,2,3,4,20,28,12,A
1382,2026/4/14,12,20,24,30,31,25,G
1383,2026/4/21,9,18,19,29,31,10,J
1384,2026/4/28,7,12,13,17,29,22,I
1385,2026/5/5,1,10,21,28,31,11,G
1386,2026/5/12,12,21,25,27,31,28,D
1387,2026/5/19,1,10,17,20,31,23,F
1388,2026/5/26,1,12,16,22,23,21,E
1389,2026/6/2,5,10,12,29,30,20,B
1390,2026/6/9,3,6,23,25,27,24,H
1391,2026/6/16,4,17,24,28,29,7,C
1392,2026/6/23,11,17,20,23,29,25,A
1393,2026/6/30,3,9,11,14,28,20,J
1394,2026/7/7,2,8,10,22,31,14,F
1395,2026/7/14,20,25,26,27,31,17,E
1396,2026/7/21,4,8,9,16,30,21,J